{
  "countries": [
    {
      "id": 1,
      "name": "India",
      "code": "IN",
      "taxType": 4,
      "states": [
        {
          "id": 1,
          "name": "Jammu Kashmir",
          "code": "JK",
          "cities": [
            "ANANTNAG",
            "BANDIPORA",
            "BARAMULLA",
            "Budgam",
            "DODA",
            "GANDERBAL",
            "JAMMU",
            "KARGIL",
            "KATHUA",
            "KISHTWAR",
            "KULGAM",
            "KUPWARA",
            "LEH LADAKH",
            "POONCH",
            "PULWAMA",
            "RAJOURI",
            "RAMBAN",
            "REASI",
            "SAMBA",
            "SHOPIAN",
            "SRINAGAR",
            "UDHAMPUR"
          ]
        },
        {
          "id": 2,
          "name": "Himachal Pradesh",
          "code": "HP",
          "cities": [
            "CHAMBA",
            "HAMIRPUR",
            "KANGRA",
            "KINNAUR",
            "KULLU",
            "LAHUL AND SPITI",
            "MANDI",
            "SHIMLA",
            "SIRMAUR",
            "SOLAN",
            "UNA"
          ]
        },
        {
          "id": 3,
          "name": "Punjab",
          "code": "PB",
          "cities": [
            "AMRITSAR",
            "BARNALA",
            "BATHINDA",
            "FARIDKOT",
            "FATEHGARH SAHIB",
            "FAZILKA",
            "FIROZEPUR",
            "GURDASPUR",
            "HOSHIARPUR",
            "JALANDHAR",
            "KAPURTHALA",
            "LUDHIANA",
            "MALERKOTLA",
            "MANSA",
            "MOGA",
            "PATHANKOT",
            "PATIALA",
            "RUPNAGAR",
            "S.A.S Nagar",
            "SANGRUR",
            "SRI MUKTSAR SAHIB",
            "Shahid Bhagat Singh Nagar",
            "Tarn Taran"
          ]
        },
        {
          "id": 4,
          "name": "Chandigarh",
          "code": "CH",
          "cities": [
            "CHANDIGARH"
          ]
        },
        {
          "id": 5,
          "name": "Uttarakhand",
          "code": "UK",
          "cities": [
            "ALMORA",
            "BAGESHWAR",
            "CHAMOLI",
            "CHAMPAWAT",
            "DEHRADUN",
            "HARIDWAR",
            "NAINITAL",
            "PAURI GARHWAL",
            "PITHORAGARH",
            "RUDRA PRAYAG",
            "TEHRI GARHWAL",
            "UDAM SINGH NAGAR",
            "UTTAR KASHI"
          ]
        },
        {
          "id": 6,
          "name": "Haryana",
          "code": "HR",
          "cities": [
            "AMBALA",
            "BHIWANI",
            "CHARKI DADRI",
            "FARIDABAD",
            "FATEHABAD",
            "GURUGRAM",
            "HISAR",
            "JHAJJAR",
            "JIND",
            "KAITHAL",
            "KARNAL",
            "KURUKSHETRA",
            "MAHENDRAGARH",
            "NUH",
            "PALWAL",
            "PANCHKULA",
            "PANIPAT",
            "REWARI",
            "ROHTAK",
            "SIRSA",
            "SONIPAT",
            "YAMUNANAGAR"
          ]
        },
        {
          "id": 7,
          "name": "Delhi",
          "code": "DL",
          "cities": [
            "CENTRAL",
            "EAST",
            "NEW DELHI",
            "NORTH",
            "NORTH EAST",
            "NORTH WEST",
            "SHAHDARA",
            "SOUTH",
            "SOUTH WEST",
            "South East",
            "WEST"
          ]
        },
        {
          "id": 8,
          "name": "Rajasthan",
          "code": "RJ",
          "cities": [
            "AJMER",
            "ALWAR",
            "BANSWARA",
            "BARAN",
            "BARMER",
            "BHARATPUR",
            "BHILWARA",
            "BIKANER",
            "BUNDI",
            "CHITTORGARH",
            "CHURU",
            "DAUSA",
            "DHOLPUR",
            "DUNGARPUR",
            "GANGANAGAR",
            "HANUMANGARH",
            "JAIPUR",
            "JAISALMER",
            "JALORE",
            "JHALAWAR",
            "JHUNJHUNU",
            "JODHPUR",
            "KARAULI",
            "KOTA",
            "NAGAUR",
            "PALI",
            "PRATAPGARH",
            "RAJSAMAND",
            "SAWAI MADHOPUR",
            "SIKAR",
            "SIROHI",
            "TONK",
            "UDAIPUR"
          ]
        },
        {
          "id": 9,
          "name": "Uttar Pradesh",
          "code": "UP",
          "cities": [
            "AGRA",
            "ALIGARH",
            "AMBEDKAR NAGAR",
            "AMROHA",
            "AURAIYA",
            "AYODHYA",
            "AZAMGARH",
            "Amethi",
            "BAGHPAT",
            "BAHRAICH",
            "BALLIA",
            "BANDA",
            "BARABANKI",
            "BAREILLY",
            "BASTI",
            "BHADOHI",
            "BIJNOR",
            "BUDAUN",
            "BULANDSHAHR",
            "CHANDAULI",
            "CHITRAKOOT",
            "DEORIA",
            "ETAH",
            "ETAWAH",
            "FARRUKHABAD",
            "FATEHPUR",
            "FIROZABAD",
            "GAUTAM BUDDHA NAGAR",
            "GHAZIABAD",
            "GHAZIPUR",
            "GONDA",
            "GORAKHPUR",
            "HAPUR",
            "HARDOI",
            "HATHRAS",
            "JALAUN",
            "JAUNPUR",
            "JHANSI",
            "KANNAUJ",
            "KANPUR DEHAT",
            "KANPUR NAGAR",
            "KAUSHAMBI",
            "KHERI",
            "KUSHI NAGAR",
            "Kasganj",
            "LALITPUR",
            "LUCKNOW",
            "MAHARAJGANJ",
            "MAHOBA",
            "MAINPURI",
            "MATHURA",
            "MAU",
            "MEERUT",
            "MIRZAPUR",
            "MORADABAD",
            "MUZAFFARNAGAR",
            "PILIBHIT",
            "PRAYAGRAJ",
            "RAE BARELI",
            "RAMPUR",
            "SAHARANPUR",
            "SAMBHAL",
            "SANT KABEER NAGAR",
            "SHAHJAHANPUR",
            "SHAMLI",
            "SHRAVASTI",
            "SIDDHARTH NAGAR",
            "SITAPUR",
            "SONBHADRA",
            "SULTANPUR",
            "UNNAO",
            "VARANASI"
          ]
        },
        {
          "id": 10,
          "name": "Bihar",
          "code": "BR",
          "cities": [
            "ARARIA",
            "ARWAL",
            "AURANGABAD",
            "BANKA",
            "BEGUSARAI",
            "BHAGALPUR",
            "BHOJPUR",
            "BUXAR",
            "DARBHANGA",
            "GAYA",
            "GOPALGANJ",
            "JAMUI",
            "JEHANABAD",
            "KAIMUR (BHABUA)",
            "KATIHAR",
            "KHAGARIA",
            "KISHANGANJ",
            "LAKHISARAI",
            "MADHEPURA",
            "MADHUBANI",
            "MUNGER",
            "MUZAFFARPUR",
            "NALANDA",
            "NAWADA",
            "PASHCHIM CHAMPARAN",
            "PATNA",
            "PURBI CHAMPARAN",
            "PURNIA",
            "ROHTAS",
            "SAHARSA",
            "SAMASTIPUR",
            "SARAN",
            "SHEIKHPURA",
            "SHEOHAR",
            "SITAMARHI",
            "SIWAN",
            "SUPAUL",
            "VAISHALI"
          ]
        },
        {
          "id": 11,
          "name": "Sikkim",
          "code": "SK",
          "cities": [
            "EAST DISTRICT",
            "NORTH DISTRICT",
            "Pakyong",
            "SOUTH DISTRICT",
            "Soreng",
            "WEST DISTRICT"
          ]
        },
        {
          "id": 12,
          "name": "Arunachal Pradesh",
          "code": "AR",
          "cities": [
            "ANJAW",
            "CHANGLANG",
            "DIBANG VALLEY",
            "EAST KAMENG",
            "EAST SIANG",
            "KAMLE",
            "KRA DAADI",
            "KURUNG KUMEY",
            "LEPARADA",
            "LOHIT",
            "LONGDING",
            "LOWER DIBANG VALLEY",
            "LOWER SIANG",
            "LOWER SUBANSIRI",
            "NAMSAI",
            "PAKKE KESSANG",
            "PAPUM PARE",
            "SHI YOMI",
            "SIANG",
            "TAWANG",
            "TIRAP",
            "UPPER SIANG",
            "UPPER SUBANSIRI",
            "WEST KAMENG",
            "WEST SIANG"
          ]
        },
        {
          "id": 13,
          "name": "Nagaland",
          "code": "NL",
          "cities": [
            "DIMAPUR",
            "KIPHIRE",
            "KOHIMA",
            "LONGLENG",
            "MOKOKCHUNG",
            "MON",
            "Noklak",
            "PEREN",
            "PHEK",
            "TUENSANG",
            "WOKHA",
            "ZUNHEBOTO"
          ]
        },
        {
          "id": 14,
          "name": "Manipur",
          "code": "MN",
          "cities": [
            "BISHNUPUR",
            "CHANDEL",
            "CHURACHANDPUR",
            "IMPHAL EAST",
            "IMPHAL WEST",
            "JIRIBAM",
            "KAKCHING",
            "KAMJONG",
            "KANGPOKPI",
            "NONEY",
            "PHERZAWL",
            "SENAPATI",
            "TAMENGLONG",
            "TENGNOUPAL",
            "THOUBAL",
            "UKHRUL"
          ]
        },
        {
          "id": 15,
          "name": "Mizoram",
          "code": "MZ",
          "cities": [
            "AIZAWL",
            "CHAMPHAI",
            "Hnahthial",
            "KHAWZAWL",
            "KOLASIB",
            "LAWNGTLAI",
            "LUNGLEI",
            "MAMIT",
            "SAIHA",
            "SAITUAL",
            "SERCHHIP"
          ]
        },
        {
          "id": 16,
          "name": "Tripura",
          "code": "TR",
          "cities": [
            "Dhalai",
            "Gomati",
            "Khowai",
            "North Tripura",
            "Sepahijala",
            "South Tripura",
            "Unakoti",
            "West Tripura"
          ]
        },
        {
          "id": 17,
          "name": "Meghalaya",
          "code": "ML",
          "cities": [
            "EAST GARO HILLS",
            "EAST JAINTIA HILLS",
            "EAST KHASI HILLS",
            "NORTH GARO HILLS",
            "RI BHOI",
            "SOUTH GARO HILLS",
            "SOUTH WEST GARO HILLS",
            "SOUTH WEST KHASI HILLS",
            "WEST GARO HILLS",
            "WEST JAINTIA HILLS",
            "WEST KHASI HILLS"
          ]
        },
        {
          "id": 18,
          "name": "Assam",
          "code": "AS",
          "cities": [
            "BAKSA",
            "BARPETA",
            "BONGAIGAON",
            "Bajali",
            "Biswanath",
            "CACHAR",
            "CHARAIDEO",
            "CHIRANG",
            "DARRANG",
            "DHEMAJI",
            "DHUBRI",
            "DIBRUGARH",
            "DIMA HASAO",
            "GOALPARA",
            "GOLAGHAT",
            "HAILAKANDI",
            "HOJAI",
            "JORHAT",
            "KAMRUP",
            "KAMRUP METRO",
            "KARBI ANGLONG",
            "KARIMGANJ",
            "KOKRAJHAR",
            "LAKHIMPUR",
            "MAJULI",
            "MARIGAON",
            "NAGAON",
            "NALBARI",
            "SIVASAGAR",
            "SONITPUR",
            "SOUTH SALMARA MANCACHAR",
            "TINSUKIA",
            "UDALGURI",
            "WEST KARBI ANGLONG"
          ]
        },
        {
          "id": 19,
          "name": "West Bengal",
          "code": "WB",
          "cities": [
            "24 PARAGANAS NORTH",
            "24 PARAGANAS SOUTH",
            "Alipurduar",
            "BANKURA",
            "BIRBHUM",
            "COOCHBEHAR",
            "DARJEELING",
            "DINAJPUR DAKSHIN",
            "DINAJPUR UTTAR",
            "HOOGHLY",
            "HOWRAH",
            "JALPAIGURI",
            "Jhargram",
            "KALIMPONG",
            "KOLKATA",
            "MALDAH",
            "MEDINIPUR EAST",
            "MEDINIPUR WEST",
            "MURSHIDABAD",
            "NADIA",
            "PASCHIM BARDHAMAN",
            "PURBA BARDHAMAN",
            "PURULIA"
          ]
        },
        {
          "id": 20,
          "name": "Jharkhand",
          "code": "JH",
          "cities": [
            "BOKARO",
            "CHATRA",
            "DEOGHAR",
            "DHANBAD",
            "DUMKA",
            "EAST SINGHBUM",
            "GARHWA",
            "GIRIDIH",
            "GODDA",
            "GUMLA",
            "HAZARIBAGH",
            "JAMTARA",
            "KHUNTI",
            "KODERMA",
            "LATEHAR",
            "LOHARDAGA",
            "PAKUR",
            "PALAMU",
            "RAMGARH",
            "RANCHI",
            "SAHEBGANJ",
            "SARAIKELA KHARSAWAN",
            "SIMDEGA",
            "WEST SINGHBHUM"
          ]
        },
        {
          "id": 21,
          "name": "Orissa",
          "code": "OR",
          "cities": [
            "ANUGUL",
            "BALANGIR",
            "BALESHWAR",
            "BARGARH",
            "BHADRAK",
            "BOUDH",
            "CUTTACK",
            "DEOGARH",
            "DHENKANAL",
            "GAJAPATI",
            "GANJAM",
            "JAGATSINGHAPUR",
            "JAJAPUR",
            "JHARSUGUDA",
            "KALAHANDI",
            "KANDHAMAL",
            "KENDRAPARA",
            "KENDUJHAR",
            "KHORDHA",
            "KORAPUT",
            "MALKANGIRI",
            "MAYURBHANJ",
            "NABARANGPUR",
            "NAYAGARH",
            "NUAPADA",
            "PURI",
            "RAYAGADA",
            "SAMBALPUR",
            "SONEPUR",
            "SUNDARGARH"
          ]
        },
        {
          "id": 22,
          "name": "Chhattisgarh",
          "code": "CG",
          "cities": [
            "BALOD",
            "BALODA BAZAR",
            "BALRAMPUR",
            "BASTAR",
            "BEMETARA",
            "BIJAPUR",
            "BILASPUR",
            "DANTEWADA",
            "DHAMTARI",
            "DURG",
            "GARIYABAND",
            "Gaurella Pendra Marwahi",
            "JANJGIR-CHAMPA",
            "JASHPUR",
            "KABIRDHAM",
            "KANKER",
            "KONDAGAON",
            "KORBA",
            "KOREA",
            "MAHASAMUND",
            "MUNGELI",
            "NARAYANPUR",
            "RAIGARH",
            "RAIPUR",
            "RAJNANDGAON",
            "SUKMA",
            "SURAJPUR",
            "SURGUJA"
          ]
        },
        {
          "id": 23,
          "name": "Madhya Pradesh",
          "code": "MP",
          "cities": [
            "AGAR MALWA",
            "ALIRAJPUR",
            "ANUPPUR",
            "ASHOKNAGAR",
            "BALAGHAT",
            "BARWANI",
            "BETUL",
            "BHIND",
            "BHOPAL",
            "BURHANPUR",
            "CHHATARPUR",
            "CHHINDWARA",
            "DAMOH",
            "DATIA",
            "DEWAS",
            "DHAR",
            "DINDORI",
            "EAST NIMAR",
            "GUNA",
            "GWALIOR",
            "HARDA",
            "HOSHANGABAD",
            "INDORE",
            "JABALPUR",
            "JHABUA",
            "KATNI",
            "KHARGONE",
            "MANDLA",
            "MANDSAUR",
            "MORENA",
            "NARSINGHPUR",
            "NEEMUCH",
            "Niwari",
            "PANNA",
            "RAISEN",
            "RAJGARH",
            "RATLAM",
            "REWA",
            "SAGAR",
            "SATNA",
            "SEHORE",
            "SEONI",
            "SHAHDOL",
            "SHAJAPUR",
            "SHEOPUR",
            "SHIVPURI",
            "SIDHI",
            "SINGRAULI",
            "TIKAMGARH",
            "UJJAIN",
            "UMARIA",
            "VIDISHA"
          ]
        },
        {
          "id": 24,
          "name": "Gujarat",
          "code": "GJ",
          "cities": [
            "AHMADABAD",
            "AMRELI",
            "ANAND",
            "ARVALLI",
            "BANAS KANTHA",
            "BHARUCH",
            "BHAVNAGAR",
            "BOTAD",
            "CHHOTAUDEPUR",
            "DANG",
            "DEVBHUMI DWARKA",
            "DOHAD",
            "GANDHINAGAR",
            "GIR SOMNATH",
            "JAMNAGAR",
            "JUNAGADH",
            "KACHCHH",
            "KHEDA",
            "MAHESANA",
            "MORBI",
            "Mahisagar",
            "NARMADA",
            "NAVSARI",
            "PANCH MAHALS",
            "PATAN",
            "PORBANDAR",
            "RAJKOT",
            "SABAR KANTHA",
            "SURAT",
            "SURENDRANAGAR",
            "TAPI",
            "VADODARA",
            "VALSAD"
          ]
        },
        {
          "id": 25,
          "name": "Daman And Diu",
          "code": "DD",
          "cities": [
            "DADRA AND NAGAR HAVELI",
            "DAMAN",
            "DIU"
          ]
        },
        {
          "id": 26,
          "name": "Dadra And Nagar Haveli",
          "code": "DN",
          "cities": [
            "Silvassa",
            "Dadra",
            "Nagar Haveli",
            "Khanvel",
            "Naroli",
            "Rakholi",
            "Masat",
            "Kadai",
            "Amli",
            "Kherdi"
          ]
        },
        {
          "id": 27,
          "name": "Maharashtra",
          "code": "MH",
          "cities": [
            "AHMEDNAGAR",
            "AKOLA",
            "AMRAVATI",
            "BEED",
            "BHANDARA",
            "BULDHANA",
            "CHANDRAPUR",
            "DHULE",
            "GADCHIROLI",
            "GONDIA",
            "HINGOLI",
            "JALGAON",
            "JALNA",
            "KOLHAPUR",
            "LATUR",
            "MUMBAI",
            "MUMBAI SUBURBAN",
            "NAGPUR",
            "NANDED",
            "NANDURBAR",
            "NASHIK",
            "OSMANABAD",
            "PALGHAR",
            "PARBHANI",
            "PUNE",
            "RAIGAD",
            "RATNAGIRI",
            "SANGLI",
            "SATARA",
            "SINDHUDURG",
            "SOLAPUR",
            "THANE",
            "WARDHA",
            "WASHIM",
            "YAVATMAL"
          ]
        },
        {
          "id": 28,
          "name": "Andhra Pradesh Old",
          "code": "AP",
          "cities": [
            "Visakhapatnam",
            "Vijayawada",
            "Guntur",
            "Nellore",
            "Kurnool",
            "Tirupati",
            "Kadapa",
            "Anantapur",
            "Chittoor",
            "Ongole",
            "Srikakulam",
            "Vizianagaram",
            "Eluru",
            "Machilipatnam",
            "Tenali",
            "Proddatur",
            "Chilakaluripet",
            "Kadiri",
            "Gudivada"
          ]
        },
        {
          "id": 29,
          "name": "Karnataka",
          "code": "KA",
          "cities": [
            "BAGALKOT",
            "BALLARI",
            "BELAGAVI",
            "BENGALURU RURAL",
            "BENGALURU URBAN",
            "BIDAR",
            "CHAMARAJANAGARA",
            "CHIKKABALLAPURA",
            "CHIKKAMAGALURU",
            "CHITRADURGA",
            "DAKSHINA KANNADA",
            "DAVANGERE",
            "DHARWAD",
            "GADAG",
            "HASSAN",
            "HAVERI",
            "KALABURAGI",
            "KODAGU",
            "KOLAR",
            "KOPPAL",
            "MANDYA",
            "MYSURU",
            "RAICHUR",
            "RAMANAGARA",
            "SHIVAMOGGA",
            "TUMAKURU",
            "UDUPI",
            "UTTARA KANNADA",
            "VIJAYAPURA",
            "VIJAYNAGAR",
            "YADGIR"
          ]
        },
        {
          "id": 30,
          "name": "Goa",
          "code": "GA",
          "cities": [
            "NORTH GOA",
            "SOUTH GOA"
          ]
        },
        {
          "id": 31,
          "name": "Lakshadweep",
          "code": "LD",
          "cities": [
            "LAKSHADWEEP DISTRICT"
          ]
        },
        {
          "id": 32,
          "name": "Kerala",
          "code": "KL",
          "cities": [
            "ALAPPUZHA",
            "ERNAKULAM",
            "IDUKKI",
            "KANNUR",
            "KASARAGOD",
            "KOLLAM",
            "KOTTAYAM",
            "KOZHIKODE",
            "MALAPPURAM",
            "PALAKKAD",
            "PATHANAMTHITTA",
            "THIRUVANANTHAPURAM",
            "THRISSUR",
            "WAYANAD"
          ]
        },
        {
          "id": 33,
          "name": "Tamil Nadu",
          "code": "TN",
          "cities": [
            "Ariyalur",
            "CHENGALPATTU",
            "CHENNAI",
            "COIMBATORE",
            "CUDDALORE",
            "DHARMAPURI",
            "DINDIGUL",
            "ERODE",
            "KALLAKURICHI",
            "KANCHIPURAM",
            "KANNIYAKUMARI",
            "KARUR",
            "KRISHNAGIRI",
            "MADURAI",
            "MAYILADUTHURAI",
            "NAGAPATTINAM",
            "NAMAKKAL",
            "PERAMBALUR",
            "PUDUKKOTTAI",
            "RAMANATHAPURAM",
            "Ranipet",
            "SALEM",
            "SIVAGANGA",
            "TENKASI",
            "THANJAVUR",
            "THE NILGIRIS",
            "THENI",
            "THIRUVALLUR",
            "THIRUVARUR",
            "TIRUCHIRAPPALLI",
            "TIRUNELVELI",
            "TIRUPPUR",
            "TIRUVANNAMALAI",
            "TUTICORIN",
            "Tirupathur",
            "VELLORE",
            "VILLUPURAM",
            "VIRUDHUNAGAR"
          ]
        },
        {
          "id": 34,
          "name": "Puducherry",
          "code": "PY",
          "cities": [
            "KARAIKAL",
            "MAHE",
            "PONDICHERRY",
            "YANAM"
          ]
        },
        {
          "id": 35,
          "name": "Andaman And Nicobar Islands",
          "code": "AN",
          "cities": [
            "NICOBARS",
            "NORTH AND MIDDLE ANDAMAN",
            "SOUTH ANDAMANS"
          ]
        },
        {
          "id": 36,
          "name": "Telangana",
          "code": "TG",
          "cities": [
            "ADILABAD",
            "BHADRADRI KOTHAGUDEM",
            "HANUMAKONDA",
            "HYDERABAD",
            "JANGOAN",
            "JAYASHANKAR BHUPALAPALLY",
            "JOGULAMBA GADWAL",
            "Jagitial",
            "KAMAREDDY",
            "KARIMNAGAR",
            "KHAMMAM",
            "KUMURAM BHEEM ASIFABAD",
            "MAHABUBABAD",
            "MAHABUBNAGAR",
            "MANCHERIAL",
            "MEDAK",
            "MEDCHAL MALKAJGIRI",
            "Mulugu",
            "NAGARKURNOOL",
            "NALGONDA",
            "NIZAMABAD",
            "Narayanpet",
            "Nirmal",
            "PEDDAPALLI",
            "RAJANNA SIRCILLA",
            "RANGA REDDY",
            "SANGAREDDY",
            "SIDDIPET",
            "SURYAPET",
            "VIKARABAD",
            "WANAPARTHY",
            "WARANGAL",
            "YADADRI BHUVANAGIRI"
          ]
        },
        {
          "id": 37,
          "name": "Andhra Pradesh New",
          "code": "AP",
          "cities": [
            "ANANTAPUR",
            "Alluri Sitharama Raju",
            "Anakapalli",
            "Annamayya",
            "Bapatla",
            "CHITTOOR",
            "EAST GODAVARI",
            "Eluru",
            "GUNTUR",
            "KRISHNA",
            "KURNOOL",
            "Kakinada",
            "Konaseema",
            "NTR",
            "Nandyal",
            "PRAKASAM",
            "Palnadu",
            "Parvathipuram Manyam",
            "SPSR NELLORE",
            "SRIKAKULAM",
            "Sri Sathya Sai",
            "Tirupati",
            "VISAKHAPATANAM",
            "VIZIANAGARAM",
            "WEST GODAVARI",
            "Y.S.R."
          ]
        }
      ]
    },
    {
      "id": 2,
      "name": "United Arab Emirates",
      "code": "AE",
      "taxType": 1,
      "states": [
        {
          "id": 38,
          "name": "Abu Dhabi",
          "code": "AZ",
          "cities": [
            "Abu Dhabi",
            "Al Ain",
            "Liwa",
            "Madinat Zayed",
            "Ruwais",
            "Ghayathi",
            "Sila",
            "Delma Island",
            "Sir Bani Yas",
            "Marawah",
            "Das Island",
            "Arzanah",
            "Zirku",
            "Mubarraz",
            "Al Mirfa",
            "Al Dhafra",
            "Al Wathba",
            "Al Khatim",
            "Al Falah",
            "Al Shamkha",
            "Al Ruwais",
            "Al Sila",
            "Al Marfa"
          ]
        },
        {
          "id": 39,
          "name": "Dubai",
          "code": "DU",
          "cities": [
            "Dubai",
            "Jebel Ali",
            "Jumeirah",
            "Bur Dubai",
            "Deira",
            "Al Barsha",
            "Al Quoz",
            "Al Karama",
            "Al Satwa",
            "Al Wasl",
            "Al Safa",
            "Al Mankhool",
            "Al Raffa",
            "Al Ras",
            "Al Souk Al Kabeer",
            "Al Fahidi",
            "Al Bastakiya",
            "Al Shindagha",
            "Al Hamriya",
            "Al Qusais",
            "Dubai Marina",
            "Palm Jumeirah",
            "Downtown Dubai",
            "Business Bay",
            "Dubai Hills",
            "Dubai Sports City",
            "Dubai Silicon Oasis",
            "International City",
            "Dubai Investment Park",
            "Dubai South"
          ]
        },
        {
          "id": 40,
          "name": "Sharjah",
          "code": "SH",
          "cities": [
            "Sharjah",
            "Al Dhaid",
            "Kalba",
            "Khor Fakkan",
            "Dibba Al Hisn",
            "Al Madam",
            "Al Hamriyah",
            "Al Batayeh",
            "Al Qasimi",
            "Al Qawasim",
            "Al Qasba",
            "Al Majaz",
            "Al Qasimia",
            "Al Rahmaniya",
            "Al Sajaa",
            "Al Taawun",
            "Al Zahia",
            "Al Khan",
            "Al Majarrah",
            "Al Nud",
            "Al Rolla"
          ]
        },
        {
          "id": 41,
          "name": "Ajman",
          "code": "AJ",
          "cities": [
            "Ajman",
            "Al Nuaimiya",
            "Al Rawda",
            "Al Rashidiya",
            "Al Jerf",
            "Al Mowaihat",
            "Al Zorah",
            "Al Manama",
            "Al Hamidiya",
            "Al Muntazi"
          ]
        },
        {
          "id": 42,
          "name": "Ras Al Khaimah",
          "code": "RK",
          "cities": [
            "Ras Al Khaimah",
            "Al Hamra",
            "Al Marjan Island",
            "Al Qawasim",
            "Al Jazirah Al Hamra",
            "Al Rams",
            "Al Ghail",
            "Al Sawan",
            "Al Qasimi",
            "Al Hudaibiya",
            "Al Nakheel",
            "Al Mairid"
          ]
        },
        {
          "id": 43,
          "name": "Fujairah",
          "code": "FU",
          "cities": [
            "Fujairah",
            "Dibba",
            "Masafi",
            "Al Badiyah",
            "Al Bithnah",
            "Al Faseel",
            "Al Hayl",
            "Al Qurayyah",
            "Al Siji",
            "Al Tawyeen",
            "Al Wurrayah",
            "Bithnah",
            "Dibba Al Fujairah",
            "Dibba Al Hisn",
            "Kalba",
            "Madha",
            "Mirbah",
            "Qidfa",
            "Sakamkam"
          ]
        },
        {
          "id": 44,
          "name": "Umm Al Quwain",
          "code": "UQ",
          "cities": [
            "Umm Al Quwain",
            "Al Raas",
            "Al Siniyah",
            "Al Qarain",
            "Al Salamah",
            "Al Haditha",
            "Al Khor",
            "Al Maidan",
            "Al Qasr",
            "Al Riffa",
            "Al Sawan",
            "Al Shabakah"
          ]
        }
      ]
    }
  ]
}